# (c) Statistisches Landesamt Baden-Württemberg, Fellbach 2025;;;;;;
# ;;;;;;
# Wahlkreise und zugeordnete Stadt- und Landkreise sowie Gemeinden bei der Wahl zum 18. Landtag von Baden-Württemberg am 08. März 2026;;;;;;
# ;;;;;;
# Stand: 30.04.2025;;;;;;
# ;;;;;;
;;;;;;
Wahlkreisnummer;Wahlkreisname;Kreis-Kennziffer;Kreisname;Gemeindekennziffer;Gemeindename;Stadtbezirke, -teile
1;Stuttgart I;8111;Stadtkreis Stuttgart;8111000;Stuttgart, Landeshauptstadt;Stuttgart-Mitte, Stuttgart-Nord, Stuttgart- Süd, Stuttgart-West, Stadtteile Gänsheide und Uhlandshöhe des Stadtbezirks Stuttgart-Ost
2;Stuttgart II;8111;Stadtkreis Stuttgart;8111000;Stuttgart, Landeshauptstadt;Birkach, Degerloch, Möhringen, Plieningen, Sillenbuch, Vaihingen
3;Stuttgart III;8111;Stadtkreis Stuttgart;8111000;Stuttgart, Landeshauptstadt;Botnang, Feuerbach, Mühlhausen ohne den Stadtteil Neugereut, Münster, Stammheim, Weilimdorf, Zuffenhausen
4;Stuttgart IV;8111;Stadtkreis Stuttgart;8111000;Stuttgart, Landeshauptstadt;Stuttgart-Ost ohne Stadtteile Gänsheide und Uhlandshöhe, Bad Cannstatt, Hedelfingen, Obertürkheim, Untertürkheim, Wangen, Stadtteil Neugereut des Stadtbezirks Mühlhausen
5;Böblingen;8115;Böblingen;8115002;Altdorf;
5;Böblingen;8115;Böblingen;8115003;Böblingen, Stadt;
5;Böblingen;8115;Böblingen;8115013;Ehningen;
5;Böblingen;8115;Böblingen;8115015;Gärtringen;
5;Böblingen;8115;Böblingen;8115022;Hildrizhausen;
5;Böblingen;8115;Böblingen;8115024;Holzgerlingen, Stadt;
5;Böblingen;8115;Böblingen;8115029;Magstadt;
5;Böblingen;8115;Böblingen;8115044;Schönaich;
5;Böblingen;8115;Böblingen;8115045;Sindelfingen, Stadt;
5;Böblingen;8115;Böblingen;8115046;Steinenbronn;
5;Böblingen;8115;Böblingen;8115048;Waldenbuch, Stadt;
5;Böblingen;8115;Böblingen;8115051;Weil im Schönbuch;
6;Leonberg;8115;Böblingen;8115001;Aidlingen;
6;Leonberg;8115;Böblingen;8115004;Bondorf;
6;Leonberg;8115;Böblingen;8115010;Deckenpfronn;
6;Leonberg;8115;Böblingen;8115016;Gäufelden;
6;Leonberg;8115;Böblingen;8115021;Herrenberg, Stadt;
6;Leonberg;8115;Böblingen;8115028;Leonberg, Stadt;
6;Leonberg;8115;Böblingen;8115034;Mötzingen;
6;Leonberg;8115;Böblingen;8115037;Nufringen;
6;Leonberg;8115;Böblingen;8115041;Renningen, Stadt;
6;Leonberg;8115;Böblingen;8115042;Rutesheim, Stadt;
6;Leonberg;8115;Böblingen;8115050;Weil der Stadt, Stadt;
6;Leonberg;8115;Böblingen;8115052;Weissach;
6;Leonberg;8115;Böblingen;8115053;Jettingen;
6;Leonberg;8115;Böblingen;8115054;Grafenau;
7;Esslingen;8116;Esslingen;8116015;Denkendorf;
7;Esslingen;8116;Esslingen;8116019;Esslingen am Neckar, Stadt;
7;Esslingen;8116;Esslingen;8116047;Neuhausen auf den Fildern;
7;Esslingen;8116;Esslingen;8116073;Wolfschlugen;
7;Esslingen;8116;Esslingen;8116076;Aichwald;
7;Esslingen;8116;Esslingen;8116080;Ostfildern, Stadt;
8;Kirchheim;8116;Esslingen;8116004;Altbach;
8;Kirchheim;8116;Esslingen;8116007;Baltmannsweiler;
8;Kirchheim;8116;Esslingen;8116012;Bissingen an der Teck;
8;Kirchheim;8116;Esslingen;8116014;Deizisau;
8;Kirchheim;8116;Esslingen;8116016;Dettingen unter Teck;
8;Kirchheim;8116;Esslingen;8116018;Erkenbrechtsweiler;
8;Kirchheim;8116;Esslingen;8116027;Hochdorf;
8;Kirchheim;8116;Esslingen;8116029;Holzmaden;
8;Kirchheim;8116;Esslingen;8116033;Kirchheim unter Teck, Stadt;
8;Kirchheim;8116;Esslingen;8116035;Köngen;
8;Kirchheim;8116;Esslingen;8116037;Lichtenwald;
8;Kirchheim;8116;Esslingen;8116043;Neidlingen;
8;Kirchheim;8116;Esslingen;8116048;Notzingen;
8;Kirchheim;8116;Esslingen;8116050;Oberboihingen;
8;Kirchheim;8116;Esslingen;8116053;Ohmden;
8;Kirchheim;8116;Esslingen;8116054;Owen, Stadt;
8;Kirchheim;8116;Esslingen;8116056;Plochingen, Stadt;
8;Kirchheim;8116;Esslingen;8116068;Unterensingen;
8;Kirchheim;8116;Esslingen;8116070;Weilheim an der Teck, Stadt;
8;Kirchheim;8116;Esslingen;8116071;Wendlingen am Neckar, Stadt;
8;Kirchheim;8116;Esslingen;8116072;Wernau (Neckar), Stadt;
8;Kirchheim;8116;Esslingen;8116079;Lenningen;
9;Nürtingen;8116;Esslingen;8116005;Altdorf;
9;Nürtingen;8116;Esslingen;8116006;Altenriet;
9;Nürtingen;8116;Esslingen;8116008;Bempflingen;
9;Nürtingen;8116;Esslingen;8116011;Beuren;
9;Nürtingen;8116;Esslingen;8116020;Frickenhausen;
9;Nürtingen;8116;Esslingen;8116022;Großbettlingen;
9;Nürtingen;8116;Esslingen;8116036;Kohlberg;
9;Nürtingen;8116;Esslingen;8116041;Neckartailfingen;
9;Nürtingen;8116;Esslingen;8116042;Neckartenzlingen;
9;Nürtingen;8116;Esslingen;8116046;Neuffen, Stadt;
9;Nürtingen;8116;Esslingen;8116049;Nürtingen, Stadt;
9;Nürtingen;8116;Esslingen;8116063;Schlaitdorf;
9;Nürtingen;8116;Esslingen;8116077;Filderstadt, Stadt;
9;Nürtingen;8116;Esslingen;8116078;Leinfelden-Echterdingen, Stadt;
9;Nürtingen;8116;Esslingen;8116081;Aichtal, Stadt;
10;Göppingen;8116;Esslingen;8116058;Reichenbach an der Fils;
10;Göppingen;8117;Göppingen;8117001;Adelberg;
10;Göppingen;8117;Göppingen;8117009;Birenbach;
10;Göppingen;8117;Göppingen;8117011;Börtlingen;
10;Göppingen;8117;Göppingen;8117018;Ebersbach an der Fils, Stadt;
10;Göppingen;8117;Göppingen;8117019;Eislingen/Fils, Stadt;
10;Göppingen;8117;Göppingen;8117026;Göppingen, Stadt;
10;Göppingen;8117;Göppingen;8117038;Rechberghausen;
10;Göppingen;8117;Göppingen;8117044;Schlierbach;
10;Göppingen;8117;Göppingen;8117051;Uhingen, Stadt;
10;Göppingen;8117;Göppingen;8117053;Wäschenbeuren;
10;Göppingen;8117;Göppingen;8117055;Wangen;
11;Geislingen;8117;Göppingen;8117002;Aichelberg;
11;Geislingen;8117;Göppingen;8117003;Albershausen;
11;Geislingen;8117;Göppingen;8117006;Bad Ditzenbach;
11;Geislingen;8117;Göppingen;8117007;Bad Überkingen;
11;Geislingen;8117;Göppingen;8117010;Böhmenkirch;
11;Geislingen;8117;Göppingen;8117012;Bad Boll;
11;Geislingen;8117;Göppingen;8117014;Deggingen;
11;Geislingen;8117;Göppingen;8117015;Donzdorf, Stadt;
11;Geislingen;8117;Göppingen;8117016;Drackenstein;
11;Geislingen;8117;Göppingen;8117017;Dürnau;
11;Geislingen;8117;Göppingen;8117020;Eschenbach;
11;Geislingen;8117;Göppingen;8117023;Gammelshausen;
11;Geislingen;8117;Göppingen;8117024;Geislingen an der Steige, Stadt;
11;Geislingen;8117;Göppingen;8117025;Gingen an der Fils;
11;Geislingen;8117;Göppingen;8117028;Gruibingen;
11;Geislingen;8117;Göppingen;8117029;Hattenhofen;
11;Geislingen;8117;Göppingen;8117030;Heiningen;
11;Geislingen;8117;Göppingen;8117031;Hohenstadt;
11;Geislingen;8117;Göppingen;8117033;Kuchen;
11;Geislingen;8117;Göppingen;8117035;Mühlhausen im Täle;
11;Geislingen;8117;Göppingen;8117037;Ottenbach;
11;Geislingen;8117;Göppingen;8117042;Salach;
11;Geislingen;8117;Göppingen;8117043;Schlat;
11;Geislingen;8117;Göppingen;8117049;Süßen, Stadt;
11;Geislingen;8117;Göppingen;8117058;Wiesensteig, Stadt;
11;Geislingen;8117;Göppingen;8117060;Zell unter Aichelberg;
11;Geislingen;8117;Göppingen;8117061;Lauterstein, Stadt;
12;Ludwigsburg;8118;Ludwigsburg;8118003;Asperg, Stadt;
12;Ludwigsburg;8118;Ludwigsburg;8118046;Kornwestheim, Stadt;
12;Ludwigsburg;8118;Ludwigsburg;8118048;Ludwigsburg, Stadt;
12;Ludwigsburg;8118;Ludwigsburg;8118051;Möglingen;
12;Ludwigsburg;8118;Ludwigsburg;8118071;Tamm;
12;Ludwigsburg;8118;Ludwigsburg;8118081;Remseck am Neckar, Stadt;
13;Vaihingen;8118;Ludwigsburg;8118010;Bönnigheim, Stadt;
13;Vaihingen;8118;Ludwigsburg;8118011;Ditzingen, Stadt;
13;Vaihingen;8118;Ludwigsburg;8118012;Eberdingen;
13;Vaihingen;8118;Ludwigsburg;8118019;Gerlingen, Stadt;
13;Vaihingen;8118;Ludwigsburg;8118027;Hemmingen;
13;Vaihingen;8118;Ludwigsburg;8118050;Markgröningen, Stadt;
13;Vaihingen;8118;Ludwigsburg;8118059;Oberriexingen, Stadt;
13;Vaihingen;8118;Ludwigsburg;8118067;Schwieberdingen;
13;Vaihingen;8118;Ludwigsburg;8118068;Sersheim;
13;Vaihingen;8118;Ludwigsburg;8118073;Vaihingen an der Enz, Stadt;
13;Vaihingen;8118;Ludwigsburg;8118076;Sachsenheim, Stadt;
13;Vaihingen;8118;Ludwigsburg;8118080;Korntal-Münchingen, Stadt;
14;Bietigheim-Bissingen;8118;Ludwigsburg;8118001;Affalterbach;
14;Bietigheim-Bissingen;8118;Ludwigsburg;8118006;Benningen am Neckar;
14;Bietigheim-Bissingen;8118;Ludwigsburg;8118007;Besigheim, Stadt;
14;Bietigheim-Bissingen;8118;Ludwigsburg;8118014;Erdmannhausen;
14;Bietigheim-Bissingen;8118;Ludwigsburg;8118015;Erligheim;
14;Bietigheim-Bissingen;8118;Ludwigsburg;8118016;Freudental;
14;Bietigheim-Bissingen;8118;Ludwigsburg;8118018;Gemmrigheim;
14;Bietigheim-Bissingen;8118;Ludwigsburg;8118021;Großbottwar, Stadt;
14;Bietigheim-Bissingen;8118;Ludwigsburg;8118028;Hessigheim;
14;Bietigheim-Bissingen;8118;Ludwigsburg;8118040;Kirchheim am Neckar;
14;Bietigheim-Bissingen;8118;Ludwigsburg;8118047;Löchgau;
14;Bietigheim-Bissingen;8118;Ludwigsburg;8118049;Marbach am Neckar, Stadt;
14;Bietigheim-Bissingen;8118;Ludwigsburg;8118053;Mundelsheim;
14;Bietigheim-Bissingen;8118;Ludwigsburg;8118054;Murr;
14;Bietigheim-Bissingen;8118;Ludwigsburg;8118060;Oberstenfeld;
14;Bietigheim-Bissingen;8118;Ludwigsburg;8118063;Pleidelsheim;
14;Bietigheim-Bissingen;8118;Ludwigsburg;8118070;Steinheim an der Murr, Stadt;
14;Bietigheim-Bissingen;8118;Ludwigsburg;8118074;Walheim;
14;Bietigheim-Bissingen;8118;Ludwigsburg;8118077;Ingersheim;
14;Bietigheim-Bissingen;8118;Ludwigsburg;8118078;Freiberg am Neckar, Stadt;
14;Bietigheim-Bissingen;8118;Ludwigsburg;8118079;Bietigheim-Bissingen, Stadt;
15;Waiblingen;8119;Rems-Murr-Kreis;8119020;Fellbach, Stadt;
15;Waiblingen;8119;Rems-Murr-Kreis;8119041;Korb;
15;Waiblingen;8119;Rems-Murr-Kreis;8119042;Leutenbach;
15;Waiblingen;8119;Rems-Murr-Kreis;8119068;Schwaikheim;
15;Waiblingen;8119;Rems-Murr-Kreis;8119079;Waiblingen, Stadt;
15;Waiblingen;8119;Rems-Murr-Kreis;8119085;Winnenden, Stadt;
16;Schorndorf;8119;Rems-Murr-Kreis;8119055;Plüderhausen;
16;Schorndorf;8119;Rems-Murr-Kreis;8119061;Rudersberg;
16;Schorndorf;8119;Rems-Murr-Kreis;8119067;Schorndorf, Stadt;
16;Schorndorf;8119;Rems-Murr-Kreis;8119076;Urbach;
16;Schorndorf;8119;Rems-Murr-Kreis;8119086;Winterbach;
16;Schorndorf;8119;Rems-Murr-Kreis;8119090;Remshalden;
16;Schorndorf;8119;Rems-Murr-Kreis;8119091;Weinstadt, Stadt;
16;Schorndorf;8119;Rems-Murr-Kreis;8119093;Kernen im Remstal;
17;Backnang;8119;Rems-Murr-Kreis;8119001;Alfdorf;
17;Backnang;8119;Rems-Murr-Kreis;8119003;Allmersbach im Tal;
17;Backnang;8119;Rems-Murr-Kreis;8119004;Althütte;
17;Backnang;8119;Rems-Murr-Kreis;8119006;Auenwald;
17;Backnang;8119;Rems-Murr-Kreis;8119008;Backnang, Stadt;
17;Backnang;8119;Rems-Murr-Kreis;8119018;Burgstetten;
17;Backnang;8119;Rems-Murr-Kreis;8119024;Großerlach;
17;Backnang;8119;Rems-Murr-Kreis;8119037;Kaisersbach;
17;Backnang;8119;Rems-Murr-Kreis;8119038;Kirchberg an der Murr;
17;Backnang;8119;Rems-Murr-Kreis;8119044;Murrhardt, Stadt;
17;Backnang;8119;Rems-Murr-Kreis;8119053;Oppenweiler;
17;Backnang;8119;Rems-Murr-Kreis;8119069;Spiegelberg;
17;Backnang;8119;Rems-Murr-Kreis;8119075;Sulzbach an der Murr;
17;Backnang;8119;Rems-Murr-Kreis;8119083;Weissach im Tal;
17;Backnang;8119;Rems-Murr-Kreis;8119084;Welzheim, Stadt;
17;Backnang;8119;Rems-Murr-Kreis;8119087;Aspach;
17;Backnang;8119;Rems-Murr-Kreis;8119089;Berglen;
18;Heilbronn;8121;Stadtkreis Heilbronn;8121000;Heilbronn, Universitätsstadt;
18;Heilbronn;8125;Heilbronn;8125030;Flein;
18;Heilbronn;8125;Heilbronn;8125058;Leingarten, Stadt;
18;Heilbronn;8125;Heilbronn;8125074;Nordheim;
18;Heilbronn;8125;Heilbronn;8125094;Talheim;
19;Eppingen;8125;Heilbronn;8125001;Abstatt;
19;Eppingen;8125;Heilbronn;8125006;Bad Rappenau, Stadt;
19;Eppingen;8125;Heilbronn;8125008;Beilstein, Stadt;
19;Eppingen;8125;Heilbronn;8125013;Brackenheim, Stadt;
19;Eppingen;8125;Heilbronn;8125017;Cleebronn;
19;Eppingen;8125;Heilbronn;8125026;Eppingen, Stadt;
19;Eppingen;8125;Heilbronn;8125034;Gemmingen;
19;Eppingen;8125;Heilbronn;8125038;Güglingen, Stadt;
19;Eppingen;8125;Heilbronn;8125046;Ilsfeld;
19;Eppingen;8125;Heilbronn;8125047;Ittlingen;
19;Eppingen;8125;Heilbronn;8125049;Kirchardt;
19;Eppingen;8125;Heilbronn;8125056;Lauffen am Neckar, Stadt;
19;Eppingen;8125;Heilbronn;8125061;Massenbachhausen;
19;Eppingen;8125;Heilbronn;8125066;Neckarwestheim;
19;Eppingen;8125;Heilbronn;8125081;Pfaffenhofen;
19;Eppingen;8125;Heilbronn;8125086;Schwaigern, Stadt;
19;Eppingen;8125;Heilbronn;8125087;Siegelsbach;
19;Eppingen;8125;Heilbronn;8125098;Untergruppenbach;
19;Eppingen;8125;Heilbronn;8125108;Zaberfeld;
20;Neckarsulm;8125;Heilbronn;8125005;Bad Friedrichshall, Stadt;
20;Neckarsulm;8125;Heilbronn;8125007;Bad Wimpfen, Stadt;
20;Neckarsulm;8125;Heilbronn;8125021;Eberstadt;
20;Neckarsulm;8125;Heilbronn;8125024;Ellhofen;
20;Neckarsulm;8125;Heilbronn;8125027;Erlenbach;
20;Neckarsulm;8125;Heilbronn;8125039;Gundelsheim, Stadt;
20;Neckarsulm;8125;Heilbronn;8125048;Jagsthausen;
20;Neckarsulm;8125;Heilbronn;8125057;Lehrensteinsfeld;
20;Neckarsulm;8125;Heilbronn;8125059;Löwenstein, Stadt;
20;Neckarsulm;8125;Heilbronn;8125063;Möckmühl, Stadt;
20;Neckarsulm;8125;Heilbronn;8125065;Neckarsulm, Stadt;
20;Neckarsulm;8125;Heilbronn;8125068;Neudenau, Stadt;
20;Neckarsulm;8125;Heilbronn;8125069;Neuenstadt am Kocher, Stadt;
20;Neckarsulm;8125;Heilbronn;8125078;Oedheim;
20;Neckarsulm;8125;Heilbronn;8125079;Offenau;
20;Neckarsulm;8125;Heilbronn;8125084;Roigheim;
20;Neckarsulm;8125;Heilbronn;8125096;Untereisesheim;
20;Neckarsulm;8125;Heilbronn;8125102;Weinsberg, Stadt;
20;Neckarsulm;8125;Heilbronn;8125103;Widdern, Stadt;
20;Neckarsulm;8125;Heilbronn;8125107;Wüstenrot;
20;Neckarsulm;8125;Heilbronn;8125110;Obersulm;
20;Neckarsulm;8125;Heilbronn;8125111;Hardthausen am Kocher;
20;Neckarsulm;8125;Heilbronn;8125113;Langenbrettach;
21;Hohenlohe;8126;Hohenlohekreis;8126011;Bretzfeld;
21;Hohenlohe;8126;Hohenlohekreis;8126020;Dörzbach;
21;Hohenlohe;8126;Hohenlohekreis;8126028;Forchtenberg, Stadt;
21;Hohenlohe;8126;Hohenlohekreis;8126039;Ingelfingen, Stadt;
21;Hohenlohe;8126;Hohenlohekreis;8126045;Krautheim, Stadt;
21;Hohenlohe;8126;Hohenlohekreis;8126046;Künzelsau, Stadt;
21;Hohenlohe;8126;Hohenlohekreis;8126047;Kupferzell;
21;Hohenlohe;8126;Hohenlohekreis;8126056;Mulfingen;
21;Hohenlohe;8126;Hohenlohekreis;8126058;Neuenstein, Stadt;
21;Hohenlohe;8126;Hohenlohekreis;8126060;Niedernhall, Stadt;
21;Hohenlohe;8126;Hohenlohekreis;8126066;Öhringen, Stadt;
21;Hohenlohe;8126;Hohenlohekreis;8126069;Pfedelbach;
21;Hohenlohe;8126;Hohenlohekreis;8126072;Schöntal;
21;Hohenlohe;8126;Hohenlohekreis;8126085;Waldenburg, Stadt;
21;Hohenlohe;8126;Hohenlohekreis;8126086;Weißbach;
21;Hohenlohe;8126;Hohenlohekreis;8126094;Zweiflingen;
21;Hohenlohe;8127;Schwäbisch Hall;8127008;Blaufelden;
21;Hohenlohe;8127;Schwäbisch Hall;8127009;Braunsbach;
21;Hohenlohe;8127;Schwäbisch Hall;8127032;Gerabronn, Stadt;
21;Hohenlohe;8127;Schwäbisch Hall;8127047;Langenburg, Stadt;
21;Hohenlohe;8127;Schwäbisch Hall;8127075;Schrozberg, Stadt;
21;Hohenlohe;8127;Schwäbisch Hall;8127086;Untermünkheim;
22;Schwäbisch Hall;8127;Schwäbisch Hall;8127012;Bühlertann;
22;Schwäbisch Hall;8127;Schwäbisch Hall;8127013;Bühlerzell;
22;Schwäbisch Hall;8127;Schwäbisch Hall;8127014;Crailsheim, Stadt;
22;Schwäbisch Hall;8127;Schwäbisch Hall;8127023;Fichtenberg;
22;Schwäbisch Hall;8127;Schwäbisch Hall;8127025;Gaildorf, Stadt;
22;Schwäbisch Hall;8127;Schwäbisch Hall;8127043;Ilshofen, Stadt;
22;Schwäbisch Hall;8127;Schwäbisch Hall;8127046;Kirchberg an der Jagst, Stadt;
22;Schwäbisch Hall;8127;Schwäbisch Hall;8127052;Mainhardt;
22;Schwäbisch Hall;8127;Schwäbisch Hall;8127056;Michelbach an der Bilz;
22;Schwäbisch Hall;8127;Schwäbisch Hall;8127059;Michelfeld;
22;Schwäbisch Hall;8127;Schwäbisch Hall;8127062;Oberrot;
22;Schwäbisch Hall;8127;Schwäbisch Hall;8127063;Obersontheim;
22;Schwäbisch Hall;8127;Schwäbisch Hall;8127071;Rot am See;
22;Schwäbisch Hall;8127;Schwäbisch Hall;8127073;Satteldorf;
22;Schwäbisch Hall;8127;Schwäbisch Hall;8127076;Schwäbisch Hall, Stadt;
22;Schwäbisch Hall;8127;Schwäbisch Hall;8127079;Sulzbach-Laufen;
22;Schwäbisch Hall;8127;Schwäbisch Hall;8127089;Vellberg, Stadt;
22;Schwäbisch Hall;8127;Schwäbisch Hall;8127091;Wallhausen;
22;Schwäbisch Hall;8127;Schwäbisch Hall;8127099;Wolpertshausen;
22;Schwäbisch Hall;8127;Schwäbisch Hall;8127100;Rosengarten;
22;Schwäbisch Hall;8127;Schwäbisch Hall;8127101;Kreßberg;
22;Schwäbisch Hall;8127;Schwäbisch Hall;8127102;Fichtenau;
22;Schwäbisch Hall;8127;Schwäbisch Hall;8127103;Frankenhardt;
22;Schwäbisch Hall;8127;Schwäbisch Hall;8127104;Stimpfach;
23;Main-Tauber;8128;Main-Tauber-Kreis;8128006;Assamstadt;
23;Main-Tauber;8128;Main-Tauber-Kreis;8128007;Bad Mergentheim, Stadt;
23;Main-Tauber;8128;Main-Tauber-Kreis;8128014;Boxberg, Stadt;
23;Main-Tauber;8128;Main-Tauber-Kreis;8128020;Creglingen, Stadt;
23;Main-Tauber;8128;Main-Tauber-Kreis;8128039;Freudenberg, Stadt;
23;Main-Tauber;8128;Main-Tauber-Kreis;8128045;Großrinderfeld;
23;Main-Tauber;8128;Main-Tauber-Kreis;8128047;Grünsfeld, Stadt;
23;Main-Tauber;8128;Main-Tauber-Kreis;8128058;Igersheim;
23;Main-Tauber;8128;Main-Tauber-Kreis;8128061;Königheim;
23;Main-Tauber;8128;Main-Tauber-Kreis;8128064;Külsheim, Stadt;
23;Main-Tauber;8128;Main-Tauber-Kreis;8128082;Niederstetten, Stadt;
23;Main-Tauber;8128;Main-Tauber-Kreis;8128115;Tauberbischofsheim, Stadt;
23;Main-Tauber;8128;Main-Tauber-Kreis;8128126;Weikersheim, Stadt;
23;Main-Tauber;8128;Main-Tauber-Kreis;8128128;Werbach;
23;Main-Tauber;8128;Main-Tauber-Kreis;8128131;Wertheim, Stadt;
23;Main-Tauber;8128;Main-Tauber-Kreis;8128137;Wittighausen;
23;Main-Tauber;8128;Main-Tauber-Kreis;8128138;Ahorn;
23;Main-Tauber;8128;Main-Tauber-Kreis;8128139;Lauda-Königshofen, Stadt;
24;Heidenheim;8135;Heidenheim;8135010;Dischingen;
24;Heidenheim;8135;Heidenheim;8135015;Gerstetten;
24;Heidenheim;8135;Heidenheim;8135016;Giengen an der Brenz, Stadt;
24;Heidenheim;8135;Heidenheim;8135019;Heidenheim an der Brenz, Stadt;
24;Heidenheim;8135;Heidenheim;8135020;Herbrechtingen, Stadt;
24;Heidenheim;8135;Heidenheim;8135021;Hermaringen;
24;Heidenheim;8135;Heidenheim;8135025;Königsbronn;
24;Heidenheim;8135;Heidenheim;8135026;Nattheim;
24;Heidenheim;8135;Heidenheim;8135027;Niederstotzingen, Stadt;
24;Heidenheim;8135;Heidenheim;8135031;Sontheim an der Brenz;
24;Heidenheim;8135;Heidenheim;8135032;Steinheim am Albuch;
25;Schwäbisch Gmünd;8136;Ostalbkreis;8136002;Abtsgmünd;
25;Schwäbisch Gmünd;8136;Ostalbkreis;8136007;Bartholomä;
25;Schwäbisch Gmünd;8136;Ostalbkreis;8136009;Böbingen an der Rems;
25;Schwäbisch Gmünd;8136;Ostalbkreis;8136015;Durlangen;
25;Schwäbisch Gmünd;8136;Ostalbkreis;8136020;Eschach;
25;Schwäbisch Gmünd;8136;Ostalbkreis;8136021;Essingen;
25;Schwäbisch Gmünd;8136;Ostalbkreis;8136024;Göggingen;
25;Schwäbisch Gmünd;8136;Ostalbkreis;8136027;Gschwend;
25;Schwäbisch Gmünd;8136;Ostalbkreis;8136028;Heubach, Stadt;
25;Schwäbisch Gmünd;8136;Ostalbkreis;8136029;Heuchlingen;
25;Schwäbisch Gmünd;8136;Ostalbkreis;8136034;Iggingen;
25;Schwäbisch Gmünd;8136;Ostalbkreis;8136040;Leinzell;
25;Schwäbisch Gmünd;8136;Ostalbkreis;8136042;Lorch, Stadt;
25;Schwäbisch Gmünd;8136;Ostalbkreis;8136043;Mögglingen;
25;Schwäbisch Gmünd;8136;Ostalbkreis;8136044;Mutlangen;
25;Schwäbisch Gmünd;8136;Ostalbkreis;8136049;Obergröningen;
25;Schwäbisch Gmünd;8136;Ostalbkreis;8136061;Ruppertshofen;
25;Schwäbisch Gmünd;8136;Ostalbkreis;8136062;Schechingen;
25;Schwäbisch Gmünd;8136;Ostalbkreis;8136065;Schwäbisch Gmünd, Stadt;
25;Schwäbisch Gmünd;8136;Ostalbkreis;8136066;Spraitbach;
25;Schwäbisch Gmünd;8136;Ostalbkreis;8136070;Täferrot;
25;Schwäbisch Gmünd;8136;Ostalbkreis;8136079;Waldstetten;
26;Aalen;8136;Ostalbkreis;8136003;Adelmannsfelden;
26;Aalen;8136;Ostalbkreis;8136010;Bopfingen, Stadt;
26;Aalen;8136;Ostalbkreis;8136018;Ellenberg;
26;Aalen;8136;Ostalbkreis;8136019;Ellwangen (Jagst), Stadt;
26;Aalen;8136;Ostalbkreis;8136033;Hüttlingen;
26;Aalen;8136;Ostalbkreis;8136035;Jagstzell;
26;Aalen;8136;Ostalbkreis;8136037;Kirchheim am Ries;
26;Aalen;8136;Ostalbkreis;8136038;Lauchheim, Stadt;
26;Aalen;8136;Ostalbkreis;8136045;Neresheim, Stadt;
26;Aalen;8136;Ostalbkreis;8136046;Neuler;
26;Aalen;8136;Ostalbkreis;8136050;Oberkochen, Stadt;
26;Aalen;8136;Ostalbkreis;8136060;Rosenberg;
26;Aalen;8136;Ostalbkreis;8136068;Stödtlen;
26;Aalen;8136;Ostalbkreis;8136071;Tannhausen;
26;Aalen;8136;Ostalbkreis;8136075;Unterschneidheim;
26;Aalen;8136;Ostalbkreis;8136082;Westhausen;
26;Aalen;8136;Ostalbkreis;8136084;Wört;
26;Aalen;8136;Ostalbkreis;8136087;Riesbürg;
26;Aalen;8136;Ostalbkreis;8136088;Aalen, Stadt;
26;Aalen;8136;Ostalbkreis;8136089;Rainau;
27;Karlsruhe I;8212;Stadtkreis Karlsruhe;8212000;Karlsruhe, Stadt;Beiertheim-Bulach, Durlach-Aue, Grötzingen, Grünwettersbach, Hagsfeld, Hohenwettersbach, Innenstadt-Ost, Oststadt, Palmbach, Rintheim, Rüppurr, Stupferich, Südstadt, Waldstadt, Weiherfeld-Dammerstock, Wolfartsweier
28;Karlsruhe II;8212;Stadtkreis Karlsruhe;8212000;Karlsruhe, Stadt;Daxlanden, Grünwinkel, Innenstadt-West, Knielingen, Mühlburg, Neureut, Nordstadt, Nordweststadt, Oberreut, Südweststadt, Weststadt
29;Bruchsal;8215;Karlsruhe;8215009;Bruchsal, Stadt;
29;Bruchsal;8215;Karlsruhe;8215021;Forst;
29;Bruchsal;8215;Karlsruhe;8215029;Hambrücken;
29;Bruchsal;8215;Karlsruhe;8215039;Kronau;
29;Bruchsal;8215;Karlsruhe;8215064;Östringen, Stadt;
29;Bruchsal;8215;Karlsruhe;8215066;Philippsburg, Stadt;
29;Bruchsal;8215;Karlsruhe;8215084;Ubstadt-Weiher;
29;Bruchsal;8215;Karlsruhe;8215100;Bad Schönborn;
29;Bruchsal;8215;Karlsruhe;8215103;Karlsdorf-Neuthard;
29;Bruchsal;8215;Karlsruhe;8215106;Waghäusel, Stadt;
29;Bruchsal;8215;Karlsruhe;8215107;Oberhausen-Rheinhausen;
30;Bretten;8215;Karlsruhe;8215007;Bretten, Stadt;
30;Bretten;8215;Karlsruhe;8215025;Gondelsheim;
30;Bretten;8215;Karlsruhe;8215040;Kürnbach;
30;Bretten;8215;Karlsruhe;8215059;Oberderdingen;
30;Bretten;8215;Karlsruhe;8215082;Sulzfeld;
30;Bretten;8215;Karlsruhe;8215089;Walzbachtal;
30;Bretten;8215;Karlsruhe;8215090;Weingarten (Baden);
30;Bretten;8215;Karlsruhe;8215094;Zaisenhausen;
30;Bretten;8215;Karlsruhe;8215097;Kraichtal, Stadt;
30;Bretten;8215;Karlsruhe;8215099;Graben-Neudorf;
30;Bretten;8215;Karlsruhe;8215102;Eggenstein-Leopoldshafen;
30;Bretten;8215;Karlsruhe;8215105;Linkenheim-Hochstetten;
30;Bretten;8215;Karlsruhe;8215109;Stutensee, Stadt;
30;Bretten;8215;Karlsruhe;8215111;Dettenheim;
31;Ettlingen;8215;Karlsruhe;8215017;Ettlingen, Stadt;
31;Ettlingen;8215;Karlsruhe;8215046;Malsch;
31;Ettlingen;8215;Karlsruhe;8215047;Marxzell;
31;Ettlingen;8215;Karlsruhe;8215096;Karlsbad;
31;Ettlingen;8215;Karlsruhe;8215101;Pfinztal;
31;Ettlingen;8215;Karlsruhe;8215108;Rheinstetten, Stadt;
31;Ettlingen;8215;Karlsruhe;8215110;Waldbronn;
32;Rastatt;8216;Rastatt;8216002;Au am Rhein;
32;Rastatt;8216;Rastatt;8216005;Bietigheim;
32;Rastatt;8216;Rastatt;8216006;Bischweier;
32;Rastatt;8216;Rastatt;8216009;Durmersheim;
32;Rastatt;8216;Rastatt;8216012;Elchesheim-Illingen;
32;Rastatt;8216;Rastatt;8216013;Forbach;
32;Rastatt;8216;Rastatt;8216015;Gaggenau, Stadt;
32;Rastatt;8216;Rastatt;8216017;Gernsbach, Stadt;
32;Rastatt;8216;Rastatt;8216023;Iffezheim;
32;Rastatt;8216;Rastatt;8216024;Kuppenheim, Stadt;
32;Rastatt;8216;Rastatt;8216029;Loffenau;
32;Rastatt;8216;Rastatt;8216033;Muggensturm;
32;Rastatt;8216;Rastatt;8216039;Ötigheim;
32;Rastatt;8216;Rastatt;8216043;Rastatt, Stadt;
32;Rastatt;8216;Rastatt;8216052;Steinmauern;
32;Rastatt;8216;Rastatt;8216059;Weisenbach;
33;Baden-Baden;8211;Stadtkreis Baden-Baden;8211000;Baden-Baden, Stadt;
33;Baden-Baden;8216;Rastatt;8216007;Bühl, Stadt;
33;Baden-Baden;8216;Rastatt;8216008;Bühlertal;
33;Baden-Baden;8216;Rastatt;8216022;Hügelsheim;
33;Baden-Baden;8216;Rastatt;8216028;Lichtenau, Stadt;
33;Baden-Baden;8216;Rastatt;8216041;Ottersweier;
33;Baden-Baden;8216;Rastatt;8216049;Sinzheim;
33;Baden-Baden;8216;Rastatt;8216063;Rheinmünster;
34;Heidelberg;8221;Stadtkreis Heidelberg;8221000;Heidelberg, Stadt;
35;Mannheim I;8222;Stadtkreis Mannheim;8222000;Mannheim, Universitätsstadt;Käfertal, Neckarstadt-Ost/Wohlgelegen, Neckarstadt-West, Sandhofen, Schönau, Vogelstang, Waldhof, Wallstadt
36;Mannheim II;8222;Stadtkreis Mannheim;8222000;Mannheim, Universitätsstadt;Feudenheim, Friedrichsfeld, Innenstadt/Jungbusch, Lindenhof, Neckarau, Neuostheim/Neuhermsheim, Rheinau, Schwetzingerstadt/Oststadt, Seckenheim
37;Wiesloch;8226;Rhein-Neckar-Kreis;8226010;Dielheim;
37;Wiesloch;8226;Rhein-Neckar-Kreis;8226041;Leimen, Stadt;
37;Wiesloch;8226;Rhein-Neckar-Kreis;8226046;Malsch;
37;Wiesloch;8226;Rhein-Neckar-Kreis;8226054;Mühlhausen;
37;Wiesloch;8226;Rhein-Neckar-Kreis;8226060;Nußloch;
37;Wiesloch;8226;Rhein-Neckar-Kreis;8226065;Rauenberg, Stadt;
37;Wiesloch;8226;Rhein-Neckar-Kreis;8226076;Sandhausen;
37;Wiesloch;8226;Rhein-Neckar-Kreis;8226095;Walldorf, Stadt;
37;Wiesloch;8226;Rhein-Neckar-Kreis;8226098;Wiesloch, Stadt;
37;Wiesloch;8226;Rhein-Neckar-Kreis;8226103;St. Leon-Rot;
38;Neckar-Odenwald;8225;Neckar-Odenwald-Kreis;8225001;Adelsheim, Stadt;
38;Neckar-Odenwald;8225;Neckar-Odenwald-Kreis;8225002;Aglasterhausen;
38;Neckar-Odenwald;8225;Neckar-Odenwald-Kreis;8225009;Billigheim;
38;Neckar-Odenwald;8225;Neckar-Odenwald-Kreis;8225010;Binau;
38;Neckar-Odenwald;8225;Neckar-Odenwald-Kreis;8225014;Buchen (Odenwald), Stadt;
38;Neckar-Odenwald;8225;Neckar-Odenwald-Kreis;8225024;Fahrenbach;
38;Neckar-Odenwald;8225;Neckar-Odenwald-Kreis;8225032;Hardheim;
38;Neckar-Odenwald;8225;Neckar-Odenwald-Kreis;8225033;Haßmersheim;
38;Neckar-Odenwald;8225;Neckar-Odenwald-Kreis;8225039;Höpfingen;
38;Neckar-Odenwald;8225;Neckar-Odenwald-Kreis;8225042;Hüffenhardt;
38;Neckar-Odenwald;8225;Neckar-Odenwald-Kreis;8225052;Limbach;
38;Neckar-Odenwald;8225;Neckar-Odenwald-Kreis;8225058;Mosbach, Stadt;
38;Neckar-Odenwald;8225;Neckar-Odenwald-Kreis;8225060;Mudau;
38;Neckar-Odenwald;8225;Neckar-Odenwald-Kreis;8225064;Neckargerach;
38;Neckar-Odenwald;8225;Neckar-Odenwald-Kreis;8225067;Neckarzimmern;
38;Neckar-Odenwald;8225;Neckar-Odenwald-Kreis;8225068;Neunkirchen;
38;Neckar-Odenwald;8225;Neckar-Odenwald-Kreis;8225074;Obrigheim;
38;Neckar-Odenwald;8225;Neckar-Odenwald-Kreis;8225075;Osterburken, Stadt;
38;Neckar-Odenwald;8225;Neckar-Odenwald-Kreis;8225082;Rosenberg;
38;Neckar-Odenwald;8225;Neckar-Odenwald-Kreis;8225091;Seckach;
38;Neckar-Odenwald;8225;Neckar-Odenwald-Kreis;8225109;Walldürn, Stadt;
38;Neckar-Odenwald;8225;Neckar-Odenwald-Kreis;8225113;Zwingenberg;
38;Neckar-Odenwald;8225;Neckar-Odenwald-Kreis;8225114;Ravenstein, Stadt;
38;Neckar-Odenwald;8225;Neckar-Odenwald-Kreis;8225115;Schefflenz;
38;Neckar-Odenwald;8225;Neckar-Odenwald-Kreis;8225116;Schwarzach;
38;Neckar-Odenwald;8225;Neckar-Odenwald-Kreis;8225117;Elztal;
38;Neckar-Odenwald;8225;Neckar-Odenwald-Kreis;8225118;Waldbrunn;
39;Weinheim;8226;Rhein-Neckar-Kreis;8226012;Dossenheim;
39;Weinheim;8226;Rhein-Neckar-Kreis;8226028;Heddesheim;
39;Weinheim;8226;Rhein-Neckar-Kreis;8226031;Hemsbach, Stadt;
39;Weinheim;8226;Rhein-Neckar-Kreis;8226036;Ilvesheim;
39;Weinheim;8226;Rhein-Neckar-Kreis;8226038;Ladenburg, Stadt;
39;Weinheim;8226;Rhein-Neckar-Kreis;8226040;Laudenbach;
39;Weinheim;8226;Rhein-Neckar-Kreis;8226082;Schriesheim, Stadt;
39;Weinheim;8226;Rhein-Neckar-Kreis;8226096;Weinheim, Stadt;
39;Weinheim;8226;Rhein-Neckar-Kreis;8226105;Edingen-Neckarhausen;
39;Weinheim;8226;Rhein-Neckar-Kreis;8226107;Hirschberg an der Bergstraße;
40;Schwetzingen;8226;Rhein-Neckar-Kreis;8226003;Altlußheim;
40;Schwetzingen;8226;Rhein-Neckar-Kreis;8226009;Brühl;
40;Schwetzingen;8226;Rhein-Neckar-Kreis;8226018;Eppelheim, Stadt;
40;Schwetzingen;8226;Rhein-Neckar-Kreis;8226032;Hockenheim, Stadt;
40;Schwetzingen;8226;Rhein-Neckar-Kreis;8226037;Ketsch;
40;Schwetzingen;8226;Rhein-Neckar-Kreis;8226059;Neulußheim;
40;Schwetzingen;8226;Rhein-Neckar-Kreis;8226062;Oftersheim;
40;Schwetzingen;8226;Rhein-Neckar-Kreis;8226063;Plankstadt;
40;Schwetzingen;8226;Rhein-Neckar-Kreis;8226068;Reilingen;
40;Schwetzingen;8226;Rhein-Neckar-Kreis;8226084;Schwetzingen, Stadt;
41;Sinsheim;8226;Rhein-Neckar-Kreis;8226006;Bammental;
41;Sinsheim;8226;Rhein-Neckar-Kreis;8226013;Eberbach, Stadt;
41;Sinsheim;8226;Rhein-Neckar-Kreis;8226017;Epfenbach;
41;Sinsheim;8226;Rhein-Neckar-Kreis;8226020;Eschelbronn;
41;Sinsheim;8226;Rhein-Neckar-Kreis;8226022;Gaiberg;
41;Sinsheim;8226;Rhein-Neckar-Kreis;8226027;Heddesbach;
41;Sinsheim;8226;Rhein-Neckar-Kreis;8226029;Heiligkreuzsteinach;
41;Sinsheim;8226;Rhein-Neckar-Kreis;8226048;Mauer;
41;Sinsheim;8226;Rhein-Neckar-Kreis;8226049;Meckesheim;
41;Sinsheim;8226;Rhein-Neckar-Kreis;8226055;Neckarbischofsheim, Stadt;
41;Sinsheim;8226;Rhein-Neckar-Kreis;8226056;Neckargemünd, Stadt;
41;Sinsheim;8226;Rhein-Neckar-Kreis;8226058;Neidenstein;
41;Sinsheim;8226;Rhein-Neckar-Kreis;8226066;Reichartshausen;
41;Sinsheim;8226;Rhein-Neckar-Kreis;8226080;Schönau, Stadt;
41;Sinsheim;8226;Rhein-Neckar-Kreis;8226081;Schönbrunn;
41;Sinsheim;8226;Rhein-Neckar-Kreis;8226085;Sinsheim, Stadt;
41;Sinsheim;8226;Rhein-Neckar-Kreis;8226086;Spechbach;
41;Sinsheim;8226;Rhein-Neckar-Kreis;8226091;Waibstadt, Stadt;
41;Sinsheim;8226;Rhein-Neckar-Kreis;8226097;Wiesenbach;
41;Sinsheim;8226;Rhein-Neckar-Kreis;8226099;Wilhelmsfeld;
41;Sinsheim;8226;Rhein-Neckar-Kreis;8226101;Zuzenhausen;
41;Sinsheim;8226;Rhein-Neckar-Kreis;8226102;Angelbachtal;
41;Sinsheim;8226;Rhein-Neckar-Kreis;8226104;Lobbach;
41;Sinsheim;8226;Rhein-Neckar-Kreis;8226106;Helmstadt-Bargen;
42;Pforzheim;8231;Stadtkreis Pforzheim;8231000;Pforzheim, Stadt;
42;Pforzheim;8236;Enzkreis;8236004;Birkenfeld;
42;Pforzheim;8236;Enzkreis;8236013;Engelsbrand;
42;Pforzheim;8236;Enzkreis;8236030;Ispringen;
42;Pforzheim;8236;Enzkreis;8236031;Kieselbronn;
43;Calw;8235;Calw;8235006;Altensteig, Stadt;
43;Calw;8235;Calw;8235007;Althengstett;
43;Calw;8235;Calw;8235008;Bad Liebenzell, Stadt;
43;Calw;8235;Calw;8235018;Dobel;
43;Calw;8235;Calw;8235020;Ebhausen;
43;Calw;8235;Calw;8235022;Egenhausen;
43;Calw;8235;Calw;8235025;Enzklösterle;
43;Calw;8235;Calw;8235029;Gechingen;
43;Calw;8235;Calw;8235032;Haiterbach, Stadt;
43;Calw;8235;Calw;8235033;Bad Herrenalb, Stadt;
43;Calw;8235;Calw;8235035;Höfen an der Enz;
43;Calw;8235;Calw;8235046;Nagold, Stadt;
43;Calw;8235;Calw;8235047;Neubulach, Stadt;
43;Calw;8235;Calw;8235050;Neuweiler;
43;Calw;8235;Calw;8235055;Oberreichenbach;
43;Calw;8235;Calw;8235057;Ostelsheim;
43;Calw;8235;Calw;8235060;Rohrdorf;
43;Calw;8235;Calw;8235065;Schömberg;
43;Calw;8235;Calw;8235066;Simmersfeld;
43;Calw;8235;Calw;8235067;Simmozheim;
43;Calw;8235;Calw;8235073;Unterreichenbach;
43;Calw;8235;Calw;8235079;Bad Wildbad, Stadt;
43;Calw;8235;Calw;8235080;Wildberg, Stadt;
43;Calw;8235;Calw;8235084;Bad Teinach-Zavelstein, Stadt;
43;Calw;8235;Calw;8235085;Calw, Stadt;
44;Enz;8236;Enzkreis;8236011;Eisingen;
44;Enz;8236;Enzkreis;8236019;Friolzheim;
44;Enz;8236;Enzkreis;8236025;Heimsheim, Stadt;
44;Enz;8236;Enzkreis;8236028;Illingen;
44;Enz;8236;Enzkreis;8236033;Knittlingen, Stadt;
44;Enz;8236;Enzkreis;8236038;Maulbronn, Stadt;
44;Enz;8236;Enzkreis;8236039;Mönsheim;
44;Enz;8236;Enzkreis;8236040;Mühlacker, Stadt;
44;Enz;8236;Enzkreis;8236043;Neuenbürg, Stadt;
44;Enz;8236;Enzkreis;8236044;Neuhausen;
44;Enz;8236;Enzkreis;8236046;Niefern-Öschelbronn;
44;Enz;8236;Enzkreis;8236050;Ötisheim;
44;Enz;8236;Enzkreis;8236061;Sternenfels;
44;Enz;8236;Enzkreis;8236062;Tiefenbronn;
44;Enz;8236;Enzkreis;8236065;Wiernsheim;
44;Enz;8236;Enzkreis;8236067;Wimsheim;
44;Enz;8236;Enzkreis;8236068;Wurmberg;
44;Enz;8236;Enzkreis;8236070;Keltern;
44;Enz;8236;Enzkreis;8236071;Remchingen;
44;Enz;8236;Enzkreis;8236072;Straubenhardt;
44;Enz;8236;Enzkreis;8236073;Neulingen;
44;Enz;8236;Enzkreis;8236074;Kämpfelbach;
44;Enz;8236;Enzkreis;8236075;Ölbronn-Dürrn;
44;Enz;8236;Enzkreis;8236076;Königsbach-Stein;
45;Freudenstadt;8237;Freudenstadt;8237002;Alpirsbach, Stadt;
45;Freudenstadt;8237;Freudenstadt;8237004;Baiersbronn;
45;Freudenstadt;8237;Freudenstadt;8237019;Dornstetten, Stadt;
45;Freudenstadt;8237;Freudenstadt;8237024;Empfingen;
45;Freudenstadt;8237;Freudenstadt;8237027;Eutingen im Gäu;
45;Freudenstadt;8237;Freudenstadt;8237028;Freudenstadt, Stadt;
45;Freudenstadt;8237;Freudenstadt;8237030;Glatten;
45;Freudenstadt;8237;Freudenstadt;8237032;Grömbach;
45;Freudenstadt;8237;Freudenstadt;8237040;Horb am Neckar, Stadt;
45;Freudenstadt;8237;Freudenstadt;8237045;Loßburg;
45;Freudenstadt;8237;Freudenstadt;8237054;Pfalzgrafenweiler;
45;Freudenstadt;8237;Freudenstadt;8237061;Schopfloch;
45;Freudenstadt;8237;Freudenstadt;8237072;Wörnersberg;
45;Freudenstadt;8237;Freudenstadt;8237073;Seewald;
45;Freudenstadt;8237;Freudenstadt;8237074;Waldachtal;
45;Freudenstadt;8237;Freudenstadt;8237075;Bad Rippoldsau-Schapbach;
46;Freiburg I;8311;Stadtkreis Freiburg im Breisgau;8311000;Freiburg im Breisgau, Stadt;Altstadt, Ebnet, Günterstal, Herdern, Kappel, Littenweiler, Mittelwiehre, Neuburg, Oberau, Oberwiehre, Waldsee
46;Freiburg I;8315;Breisgau-Hochschwarzwald;8315016;Breitnau;
46;Freiburg I;8315;Breisgau-Hochschwarzwald;8315020;Buchenbach;
46;Freiburg I;8315;Breisgau-Hochschwarzwald;8315031;Eisenbach (Hochschwarzwald);
46;Freiburg I;8315;Breisgau-Hochschwarzwald;8315037;Feldberg (Schwarzwald);
46;Freiburg I;8315;Breisgau-Hochschwarzwald;8315039;Friedenweiler;
46;Freiburg I;8315;Breisgau-Hochschwarzwald;8315041;Glottertal;
46;Freiburg I;8315;Breisgau-Hochschwarzwald;8315047;Gundelfingen;
46;Freiburg I;8315;Breisgau-Hochschwarzwald;8315051;Heuweiler;
46;Freiburg I;8315;Breisgau-Hochschwarzwald;8315052;Hinterzarten;
46;Freiburg I;8315;Breisgau-Hochschwarzwald;8315064;Kirchzarten;
46;Freiburg I;8315;Breisgau-Hochschwarzwald;8315068;Lenzkirch;
46;Freiburg I;8315;Breisgau-Hochschwarzwald;8315070;Löffingen, Stadt;
46;Freiburg I;8315;Breisgau-Hochschwarzwald;8315084;Oberried;
46;Freiburg I;8315;Breisgau-Hochschwarzwald;8315094;St. Märgen;
46;Freiburg I;8315;Breisgau-Hochschwarzwald;8315095;St. Peter;
46;Freiburg I;8315;Breisgau-Hochschwarzwald;8315102;Schluchsee;
46;Freiburg I;8315;Breisgau-Hochschwarzwald;8315109;Stegen;
46;Freiburg I;8315;Breisgau-Hochschwarzwald;8315113;Titisee-Neustadt, Stadt;
46;Freiburg I;8337;Waldshut;8337013;Bernau im Schwarzwald;
46;Freiburg I;8337;Waldshut;8337022;Bonndorf im Schwarzwald, Stadt;
46;Freiburg I;8337;Waldshut;8337027;Dachsberg (Südschwarzwald);
46;Freiburg I;8337;Waldshut;8337039;Grafenhausen;
46;Freiburg I;8337;Waldshut;8337045;Häusern;
46;Freiburg I;8337;Waldshut;8337051;Höchenschwand;
46;Freiburg I;8337;Waldshut;8337059;Ibach;
46;Freiburg I;8337;Waldshut;8337097;St. Blasien, Stadt;
46;Freiburg I;8337;Waldshut;8337108;Todtmoos;
46;Freiburg I;8337;Waldshut;8337127;Wutach;
46;Freiburg I;8337;Waldshut;8337128;Ühlingen-Birkendorf;
47;Freiburg II;8311;Stadtkreis Freiburg im Breisgau;8311000;Freiburg im Breisgau, Stadt;Betzenhausen, Brühl, Haslach, Hochdorf, Landwasser, Lehen, Mooswald, Munzingen, Opfingen, Rieselfeld, St. Georgen, Stühlinger, Tiengen, Unterwiehre, Vauban, Waltershofen, Weingarten, Zähringen
47;Freiburg II;8315;Breisgau-Hochschwarzwald;8315043;Gottenheim;
47;Freiburg II;8315;Breisgau-Hochschwarzwald;8315098;Schallstadt;
47;Freiburg II;8315;Breisgau-Hochschwarzwald;8315115;Umkirch;
47;Freiburg II;8315;Breisgau-Hochschwarzwald;8315132;March;
48;Breisgau;8315;Breisgau-Hochschwarzwald;8315003;Au;
48;Breisgau;8315;Breisgau-Hochschwarzwald;8315004;Auggen;
48;Breisgau;8315;Breisgau-Hochschwarzwald;8315006;Bad Krozingen, Stadt;
48;Breisgau;8315;Breisgau-Hochschwarzwald;8315007;Badenweiler;
48;Breisgau;8315;Breisgau-Hochschwarzwald;8315008;Ballrechten-Dottingen;
48;Breisgau;8315;Breisgau-Hochschwarzwald;8315013;Bötzingen;
48;Breisgau;8315;Breisgau-Hochschwarzwald;8315014;Bollschweil;
48;Breisgau;8315;Breisgau-Hochschwarzwald;8315015;Breisach am Rhein, Stadt;
48;Breisgau;8315;Breisgau-Hochschwarzwald;8315022;Buggingen;
48;Breisgau;8315;Breisgau-Hochschwarzwald;8315028;Ebringen;
48;Breisgau;8315;Breisgau-Hochschwarzwald;8315030;Eichstetten am Kaiserstuhl;
48;Breisgau;8315;Breisgau-Hochschwarzwald;8315033;Eschbach;
48;Breisgau;8315;Breisgau-Hochschwarzwald;8315048;Hartheim am Rhein;
48;Breisgau;8315;Breisgau-Hochschwarzwald;8315050;Heitersheim, Stadt;
48;Breisgau;8315;Breisgau-Hochschwarzwald;8315056;Horben;
48;Breisgau;8315;Breisgau-Hochschwarzwald;8315059;Ihringen;
48;Breisgau;8315;Breisgau-Hochschwarzwald;8315072;Merdingen;
48;Breisgau;8315;Breisgau-Hochschwarzwald;8315073;Merzhausen;
48;Breisgau;8315;Breisgau-Hochschwarzwald;8315074;Müllheim, Stadt;
48;Breisgau;8315;Breisgau-Hochschwarzwald;8315076;Neuenburg am Rhein, Stadt;
48;Breisgau;8315;Breisgau-Hochschwarzwald;8315089;Pfaffenweiler;
48;Breisgau;8315;Breisgau-Hochschwarzwald;8315107;Sölden;
48;Breisgau;8315;Breisgau-Hochschwarzwald;8315108;Staufen im Breisgau, Stadt;
48;Breisgau;8315;Breisgau-Hochschwarzwald;8315111;Sulzburg, Stadt;
48;Breisgau;8315;Breisgau-Hochschwarzwald;8315125;Wittnau;
48;Breisgau;8315;Breisgau-Hochschwarzwald;8315130;Münstertal/Schwarzwald;
48;Breisgau;8315;Breisgau-Hochschwarzwald;8315131;Ehrenkirchen;
48;Breisgau;8315;Breisgau-Hochschwarzwald;8315133;Vogtsburg im Kaiserstuhl, Stadt;
48;Breisgau;8336;Lörrach;8336045;Kandern, Stadt;
48;Breisgau;8336;Lörrach;8336078;Schliengen;
48;Breisgau;8336;Lörrach;8336104;Malsburg-Marzell;
49;Emmendingen;8316;Emmendingen;8316002;Bahlingen am Kaiserstuhl;
49;Emmendingen;8316;Emmendingen;8316003;Biederbach;
49;Emmendingen;8316;Emmendingen;8316009;Denzlingen;
49;Emmendingen;8316;Emmendingen;8316010;Elzach, Stadt;
49;Emmendingen;8316;Emmendingen;8316011;Emmendingen, Stadt;
49;Emmendingen;8316;Emmendingen;8316012;Endingen am Kaiserstuhl, Stadt;
49;Emmendingen;8316;Emmendingen;8316013;Forchheim;
49;Emmendingen;8316;Emmendingen;8316014;Gutach im Breisgau;
49;Emmendingen;8316;Emmendingen;8316017;Herbolzheim, Stadt;
49;Emmendingen;8316;Emmendingen;8316020;Kenzingen, Stadt;
49;Emmendingen;8316;Emmendingen;8316024;Malterdingen;
49;Emmendingen;8316;Emmendingen;8316036;Reute;
49;Emmendingen;8316;Emmendingen;8316037;Riegel am Kaiserstuhl;
49;Emmendingen;8316;Emmendingen;8316038;Sasbach am Kaiserstuhl;
49;Emmendingen;8316;Emmendingen;8316039;Sexau;
49;Emmendingen;8316;Emmendingen;8316042;Simonswald;
49;Emmendingen;8316;Emmendingen;8316043;Teningen;
49;Emmendingen;8316;Emmendingen;8316045;Vörstetten;
49;Emmendingen;8316;Emmendingen;8316049;Weisweil;
49;Emmendingen;8316;Emmendingen;8316051;Wyhl am Kaiserstuhl;
49;Emmendingen;8316;Emmendingen;8316053;Rheinhausen;
49;Emmendingen;8316;Emmendingen;8316054;Freiamt;
49;Emmendingen;8316;Emmendingen;8316055;Winden im Elztal;
49;Emmendingen;8316;Emmendingen;8316056;Waldkirch, Stadt;
50;Lahr;8317;Ortenaukreis;8317026;Ettenheim, Stadt;
50;Lahr;8317;Ortenaukreis;8317029;Fischerbach;
50;Lahr;8317;Ortenaukreis;8317031;Friesenheim;
50;Lahr;8317;Ortenaukreis;8317039;Gutach (Schwarzwaldbahn);
50;Lahr;8317;Ortenaukreis;8317040;Haslach im Kinzigtal, Stadt;
50;Lahr;8317;Ortenaukreis;8317041;Hausach, Stadt;
50;Lahr;8317;Ortenaukreis;8317046;Hofstetten;
50;Lahr;8317;Ortenaukreis;8317051;Hornberg, Stadt;
50;Lahr;8317;Ortenaukreis;8317059;Kippenheim;
50;Lahr;8317;Ortenaukreis;8317065;Lahr/Schwarzwald, Stadt;
50;Lahr;8317;Ortenaukreis;8317073;Mahlberg, Stadt;
50;Lahr;8317;Ortenaukreis;8317075;Meißenheim;
50;Lahr;8317;Ortenaukreis;8317078;Mühlenbach;
50;Lahr;8317;Ortenaukreis;8317093;Oberwolfach;
50;Lahr;8317;Ortenaukreis;8317113;Ringsheim;
50;Lahr;8317;Ortenaukreis;8317114;Rust;
50;Lahr;8317;Ortenaukreis;8317121;Schuttertal;
50;Lahr;8317;Ortenaukreis;8317127;Seelbach;
50;Lahr;8317;Ortenaukreis;8317129;Steinach;
50;Lahr;8317;Ortenaukreis;8317145;Wolfach, Stadt;
50;Lahr;8317;Ortenaukreis;8317150;Schwanau;
50;Lahr;8317;Ortenaukreis;8317152;Kappel-Grafenhausen;
51;Offenburg;8317;Ortenaukreis;8317008;Bad Peterstal-Griesbach;
51;Offenburg;8317;Ortenaukreis;8317009;Berghaupten;
51;Offenburg;8317;Ortenaukreis;8317011;Biberach;
51;Offenburg;8317;Ortenaukreis;8317021;Durbach;
51;Offenburg;8317;Ortenaukreis;8317034;Gengenbach, Stadt;
51;Offenburg;8317;Ortenaukreis;8317047;Hohberg;
51;Offenburg;8317;Ortenaukreis;8317085;Nordrach;
51;Offenburg;8317;Ortenaukreis;8317088;Oberharmersbach;
51;Offenburg;8317;Ortenaukreis;8317096;Offenburg, Stadt;
51;Offenburg;8317;Ortenaukreis;8317097;Ohlsbach;
51;Offenburg;8317;Ortenaukreis;8317098;Oppenau, Stadt;
51;Offenburg;8317;Ortenaukreis;8317100;Ortenberg;
51;Offenburg;8317;Ortenaukreis;8317122;Schutterwald;
51;Offenburg;8317;Ortenaukreis;8317146;Zell am Harmersbach, Stadt;
51;Offenburg;8317;Ortenaukreis;8317151;Neuried;
52;Kehl;8317;Ortenaukreis;8317001;Achern, Stadt;
52;Kehl;8317;Ortenaukreis;8317005;Appenweier;
52;Kehl;8317;Ortenaukreis;8317056;Kappelrodeck;
52;Kehl;8317;Ortenaukreis;8317057;Kehl, Stadt;
52;Kehl;8317;Ortenaukreis;8317067;Lautenbach;
52;Kehl;8317;Ortenaukreis;8317068;Lauf;
52;Kehl;8317;Ortenaukreis;8317089;Oberkirch, Stadt;
52;Kehl;8317;Ortenaukreis;8317102;Ottenhöfen im Schwarzwald;
52;Kehl;8317;Ortenaukreis;8317110;Renchen, Stadt;
52;Kehl;8317;Ortenaukreis;8317116;Sasbach;
52;Kehl;8317;Ortenaukreis;8317118;Sasbachwalden;
52;Kehl;8317;Ortenaukreis;8317126;Seebach;
52;Kehl;8317;Ortenaukreis;8317141;Willstätt;
52;Kehl;8317;Ortenaukreis;8317153;Rheinau, Stadt;
53;Rottweil;8325;Rottweil;8325001;Aichhalden;
53;Rottweil;8325;Rottweil;8325009;Bösingen;
53;Rottweil;8325;Rottweil;8325011;Dietingen;
53;Rottweil;8325;Rottweil;8325012;Dornhan, Stadt;
53;Rottweil;8325;Rottweil;8325014;Dunningen;
53;Rottweil;8325;Rottweil;8325015;Epfendorf;
53;Rottweil;8325;Rottweil;8325024;Hardt;
53;Rottweil;8325;Rottweil;8325036;Lauterbach;
53;Rottweil;8325;Rottweil;8325045;Oberndorf am Neckar, Stadt;
53;Rottweil;8325;Rottweil;8325049;Rottweil, Stadt;
53;Rottweil;8325;Rottweil;8325050;Schenkenzell;
53;Rottweil;8325;Rottweil;8325051;Schiltach, Stadt;
53;Rottweil;8325;Rottweil;8325053;Schramberg, Stadt;
53;Rottweil;8325;Rottweil;8325057;Sulz am Neckar, Stadt;
53;Rottweil;8325;Rottweil;8325060;Villingendorf;
53;Rottweil;8325;Rottweil;8325061;Vöhringen;
53;Rottweil;8325;Rottweil;8325064;Wellendingen;
53;Rottweil;8325;Rottweil;8325069;Zimmern ob Rottweil;
53;Rottweil;8325;Rottweil;8325070;Fluorn-Winzeln;
53;Rottweil;8325;Rottweil;8325071;Eschbronn;
53;Rottweil;8325;Rottweil;8325072;Deißlingen;
54;Villingen-Schwenningen;8326;Schwarzwald-Baar-Kreis;8326003;Bad Dürrheim, Stadt;
54;Villingen-Schwenningen;8326;Schwarzwald-Baar-Kreis;8326006;Bräunlingen, Stadt;
54;Villingen-Schwenningen;8326;Schwarzwald-Baar-Kreis;8326010;Dauchingen;
54;Villingen-Schwenningen;8326;Schwarzwald-Baar-Kreis;8326017;Furtwangen im Schwarzwald, Stadt;
54;Villingen-Schwenningen;8326;Schwarzwald-Baar-Kreis;8326020;Gütenbach;
54;Villingen-Schwenningen;8326;Schwarzwald-Baar-Kreis;8326031;Königsfeld im Schwarzwald;
54;Villingen-Schwenningen;8326;Schwarzwald-Baar-Kreis;8326037;Mönchweiler;
54;Villingen-Schwenningen;8326;Schwarzwald-Baar-Kreis;8326041;Niedereschach;
54;Villingen-Schwenningen;8326;Schwarzwald-Baar-Kreis;8326052;St. Georgen im Schwarzwald, Stadt;
54;Villingen-Schwenningen;8326;Schwarzwald-Baar-Kreis;8326054;Schönwald im Schwarzwald;
54;Villingen-Schwenningen;8326;Schwarzwald-Baar-Kreis;8326055;Schonach im Schwarzwald;
54;Villingen-Schwenningen;8326;Schwarzwald-Baar-Kreis;8326060;Triberg im Schwarzwald, Stadt;
54;Villingen-Schwenningen;8326;Schwarzwald-Baar-Kreis;8326061;Tuningen;
54;Villingen-Schwenningen;8326;Schwarzwald-Baar-Kreis;8326065;Unterkirnach;
54;Villingen-Schwenningen;8326;Schwarzwald-Baar-Kreis;8326068;Vöhrenbach, Stadt;
54;Villingen-Schwenningen;8326;Schwarzwald-Baar-Kreis;8326074;Villingen-Schwenningen, Stadt;
54;Villingen-Schwenningen;8326;Schwarzwald-Baar-Kreis;8326075;Brigachtal;
55;Tuttlingen-Donaueschingen;8326;Schwarzwald-Baar-Kreis;8326005;Blumberg, Stadt;
55;Tuttlingen-Donaueschingen;8326;Schwarzwald-Baar-Kreis;8326012;Donaueschingen, Stadt;
55;Tuttlingen-Donaueschingen;8326;Schwarzwald-Baar-Kreis;8326027;Hüfingen, Stadt;
55;Tuttlingen-Donaueschingen;8327;Tuttlingen;8327002;Aldingen;
55;Tuttlingen-Donaueschingen;8327;Tuttlingen;8327004;Bärenthal;
55;Tuttlingen-Donaueschingen;8327;Tuttlingen;8327005;Balgheim;
55;Tuttlingen-Donaueschingen;8327;Tuttlingen;8327006;Böttingen;
55;Tuttlingen-Donaueschingen;8327;Tuttlingen;8327007;Bubsheim;
55;Tuttlingen-Donaueschingen;8327;Tuttlingen;8327008;Buchheim;
55;Tuttlingen-Donaueschingen;8327;Tuttlingen;8327009;Deilingen;
55;Tuttlingen-Donaueschingen;8327;Tuttlingen;8327010;Denkingen;
55;Tuttlingen-Donaueschingen;8327;Tuttlingen;8327011;Dürbheim;
55;Tuttlingen-Donaueschingen;8327;Tuttlingen;8327012;Durchhausen;
55;Tuttlingen-Donaueschingen;8327;Tuttlingen;8327013;Egesheim;
55;Tuttlingen-Donaueschingen;8327;Tuttlingen;8327016;Fridingen an der Donau, Stadt;
55;Tuttlingen-Donaueschingen;8327;Tuttlingen;8327017;Frittlingen;
55;Tuttlingen-Donaueschingen;8327;Tuttlingen;8327018;Geisingen, Stadt;
55;Tuttlingen-Donaueschingen;8327;Tuttlingen;8327019;Gosheim;
55;Tuttlingen-Donaueschingen;8327;Tuttlingen;8327020;Gunningen;
55;Tuttlingen-Donaueschingen;8327;Tuttlingen;8327023;Hausen ob Verena;
55;Tuttlingen-Donaueschingen;8327;Tuttlingen;8327025;Immendingen;
55;Tuttlingen-Donaueschingen;8327;Tuttlingen;8327027;Irndorf;
55;Tuttlingen-Donaueschingen;8327;Tuttlingen;8327029;Königsheim;
55;Tuttlingen-Donaueschingen;8327;Tuttlingen;8327030;Kolbingen;
55;Tuttlingen-Donaueschingen;8327;Tuttlingen;8327033;Mahlstetten;
55;Tuttlingen-Donaueschingen;8327;Tuttlingen;8327036;Mühlheim an der Donau, Stadt;
55;Tuttlingen-Donaueschingen;8327;Tuttlingen;8327038;Neuhausen ob Eck;
55;Tuttlingen-Donaueschingen;8327;Tuttlingen;8327040;Reichenbach am Heuberg;
55;Tuttlingen-Donaueschingen;8327;Tuttlingen;8327041;Renquishausen;
55;Tuttlingen-Donaueschingen;8327;Tuttlingen;8327046;Spaichingen, Stadt;
55;Tuttlingen-Donaueschingen;8327;Tuttlingen;8327048;Talheim;
55;Tuttlingen-Donaueschingen;8327;Tuttlingen;8327049;Trossingen, Stadt;
55;Tuttlingen-Donaueschingen;8327;Tuttlingen;8327050;Tuttlingen, Stadt;
55;Tuttlingen-Donaueschingen;8327;Tuttlingen;8327051;Wehingen;
55;Tuttlingen-Donaueschingen;8327;Tuttlingen;8327054;Wurmlingen;
55;Tuttlingen-Donaueschingen;8327;Tuttlingen;8327055;Seitingen-Oberflacht;
55;Tuttlingen-Donaueschingen;8327;Tuttlingen;8327056;Rietheim-Weilheim;
55;Tuttlingen-Donaueschingen;8327;Tuttlingen;8327057;Emmingen-Liptingen;
56;Konstanz;8335;Konstanz;8335002;Allensbach;
56;Konstanz;8335;Konstanz;8335025;Gaienhofen;
56;Konstanz;8335;Konstanz;8335043;Konstanz, Universitätsstadt;
56;Konstanz;8335;Konstanz;8335055;Moos;
56;Konstanz;8335;Konstanz;8335061;Öhningen;
56;Konstanz;8335;Konstanz;8335063;Radolfzell am Bodensee, Stadt;
56;Konstanz;8335;Konstanz;8335066;Reichenau;
57;Singen;8335;Konstanz;8335001;Aach, Stadt;
57;Singen;8335;Konstanz;8335015;Büsingen am Hochrhein;
57;Singen;8335;Konstanz;8335021;Eigeltingen;
57;Singen;8335;Konstanz;8335022;Engen, Stadt;
57;Singen;8335;Konstanz;8335026;Gailingen am Hochrhein;
57;Singen;8335;Konstanz;8335028;Gottmadingen;
57;Singen;8335;Konstanz;8335035;Hilzingen;
57;Singen;8335;Konstanz;8335057;Mühlingen;
57;Singen;8335;Konstanz;8335075;Singen (Hohentwiel), Stadt;
57;Singen;8335;Konstanz;8335077;Steißlingen;
57;Singen;8335;Konstanz;8335079;Stockach, Stadt;
57;Singen;8335;Konstanz;8335080;Tengen, Stadt;
57;Singen;8335;Konstanz;8335081;Volkertshausen;
57;Singen;8335;Konstanz;8335096;Hohenfels;
57;Singen;8335;Konstanz;8335097;Mühlhausen-Ehingen;
57;Singen;8335;Konstanz;8335098;Bodman-Ludwigshafen;
57;Singen;8335;Konstanz;8335099;Orsingen-Nenzingen;
57;Singen;8335;Konstanz;8335100;Rielasingen-Worblingen;
58;Lörrach;8336;Lörrach;8336004;Aitern;
58;Lörrach;8336;Lörrach;8336006;Bad Bellingen;
58;Lörrach;8336;Lörrach;8336008;Binzen;
58;Lörrach;8336;Lörrach;8336010;Böllen;
58;Lörrach;8336;Lörrach;8336014;Efringen-Kirchen;
58;Lörrach;8336;Lörrach;8336019;Eimeldingen;
58;Lörrach;8336;Lörrach;8336024;Fischingen;
58;Lörrach;8336;Lörrach;8336025;Fröhnd;
58;Lörrach;8336;Lörrach;8336034;Hasel;
58;Lörrach;8336;Lörrach;8336036;Hausen im Wiesental;
58;Lörrach;8336;Lörrach;8336043;Inzlingen;
58;Lörrach;8336;Lörrach;8336050;Lörrach, Stadt;
58;Lörrach;8336;Lörrach;8336057;Maulburg;
58;Lörrach;8336;Lörrach;8336073;Rümmingen;
58;Lörrach;8336;Lörrach;8336075;Schallbach;
58;Lörrach;8336;Lörrach;8336079;Schönau im Schwarzwald, Stadt;
58;Lörrach;8336;Lörrach;8336080;Schönenberg;
58;Lörrach;8336;Lörrach;8336081;Schopfheim, Stadt;
58;Lörrach;8336;Lörrach;8336084;Steinen;
58;Lörrach;8336;Lörrach;8336087;Todtnau, Stadt;
58;Lörrach;8336;Lörrach;8336089;Tunau;
58;Lörrach;8336;Lörrach;8336090;Utzenfeld;
58;Lörrach;8336;Lörrach;8336091;Weil am Rhein, Stadt;
58;Lörrach;8336;Lörrach;8336094;Wembach;
58;Lörrach;8336;Lörrach;8336096;Wieden;
58;Lörrach;8336;Lörrach;8336100;Wittlingen;
58;Lörrach;8336;Lörrach;8336103;Zell im Wiesental, Stadt;
58;Lörrach;8336;Lörrach;8336105;Grenzach-Wyhlen;
58;Lörrach;8336;Lörrach;8336106;Häg-Ehrsberg;
58;Lörrach;8336;Lörrach;8336107;Kleines Wiesental;
59;Waldshut;8336;Lörrach;8336069;Rheinfelden (Baden), Stadt;
59;Waldshut;8336;Lörrach;8336082;Schwörstadt;
59;Waldshut;8337;Waldshut;8337002;Albbruck;
59;Waldshut;8337;Waldshut;8337030;Dettighofen;
59;Waldshut;8337;Waldshut;8337032;Dogern;
59;Waldshut;8337;Waldshut;8337038;Görwihl;
59;Waldshut;8337;Waldshut;8337049;Herrischried;
59;Waldshut;8337;Waldshut;8337053;Hohentengen am Hochrhein;
59;Waldshut;8337;Waldshut;8337060;Jestetten;
59;Waldshut;8337;Waldshut;8337062;Klettgau;
59;Waldshut;8337;Waldshut;8337065;Lauchringen;
59;Waldshut;8337;Waldshut;8337066;Laufenburg (Baden), Stadt;
59;Waldshut;8337;Waldshut;8337070;Lottstetten;
59;Waldshut;8337;Waldshut;8337076;Murg;
59;Waldshut;8337;Waldshut;8337090;Rickenbach;
59;Waldshut;8337;Waldshut;8337096;Bad Säckingen, Stadt;
59;Waldshut;8337;Waldshut;8337106;Stühlingen, Stadt;
59;Waldshut;8337;Waldshut;8337116;Wehr, Stadt;
59;Waldshut;8337;Waldshut;8337118;Weilheim;
59;Waldshut;8337;Waldshut;8337123;Wutöschingen;
59;Waldshut;8337;Waldshut;8337124;Eggingen;
59;Waldshut;8337;Waldshut;8337125;Küssaberg;
59;Waldshut;8337;Waldshut;8337126;Waldshut-Tiengen, Stadt;
60;Reutlingen;8415;Reutlingen;8415059;Pfullingen, Stadt;
60;Reutlingen;8415;Reutlingen;8415060;Pliezhausen;
60;Reutlingen;8415;Reutlingen;8415061;Reutlingen, Stadt;
60;Reutlingen;8415;Reutlingen;8415080;Wannweil;
60;Reutlingen;8415;Reutlingen;8415087;Walddorfhäslach;
60;Reutlingen;8416;Tübingen;8416011;Dußlingen;
60;Reutlingen;8416;Tübingen;8416015;Gomaringen;
60;Reutlingen;8416;Tübingen;8416022;Kirchentellinsfurt;
60;Reutlingen;8416;Tübingen;8416023;Kusterdingen;
60;Reutlingen;8416;Tübingen;8416026;Nehren;
61;Hechingen-Münsingen;8415;Reutlingen;8415014;Dettingen an der Erms;
61;Hechingen-Münsingen;8415;Reutlingen;8415019;Eningen unter Achalm;
61;Hechingen-Münsingen;8415;Reutlingen;8415027;Gomadingen;
61;Hechingen-Münsingen;8415;Reutlingen;8415028;Grabenstetten;
61;Hechingen-Münsingen;8415;Reutlingen;8415029;Grafenberg;
61;Hechingen-Münsingen;8415;Reutlingen;8415034;Hayingen, Stadt;
61;Hechingen-Münsingen;8415;Reutlingen;8415039;Hülben;
61;Hechingen-Münsingen;8415;Reutlingen;8415048;Mehrstetten;
61;Hechingen-Münsingen;8415;Reutlingen;8415050;Metzingen, Stadt;
61;Hechingen-Münsingen;8415;Reutlingen;8415053;Münsingen, Stadt;
61;Hechingen-Münsingen;8415;Reutlingen;8415058;Pfronstetten;
61;Hechingen-Münsingen;8415;Reutlingen;8415062;Riederich;
61;Hechingen-Münsingen;8415;Reutlingen;8415073;Trochtelfingen, Stadt;
61;Hechingen-Münsingen;8415;Reutlingen;8415078;Bad Urach, Stadt;
61;Hechingen-Münsingen;8415;Reutlingen;8415085;Zwiefalten;
61;Hechingen-Münsingen;8415;Reutlingen;8415086;Gutsbezirk Münsingen;
61;Hechingen-Münsingen;8415;Reutlingen;8415088;Römerstein;
61;Hechingen-Münsingen;8415;Reutlingen;8415089;Engstingen;
61;Hechingen-Münsingen;8415;Reutlingen;8415090;Hohenstein;
61;Hechingen-Münsingen;8415;Reutlingen;8415091;Sonnenbühl;
61;Hechingen-Münsingen;8415;Reutlingen;8415092;Lichtenstein;
61;Hechingen-Münsingen;8415;Reutlingen;8415093;St. Johann;
61;Hechingen-Münsingen;8417;Zollernalbkreis;8417013;Burladingen, Stadt;
61;Hechingen-Münsingen;8417;Zollernalbkreis;8417031;Hechingen, Stadt;
61;Hechingen-Münsingen;8417;Zollernalbkreis;8417036;Jungingen;
62;Tübingen;8416;Tübingen;8416006;Bodelshausen;
62;Tübingen;8416;Tübingen;8416009;Dettenhausen;
62;Tübingen;8416;Tübingen;8416025;Mössingen, Stadt;
62;Tübingen;8416;Tübingen;8416031;Ofterdingen;
62;Tübingen;8416;Tübingen;8416036;Rottenburg am Neckar, Stadt;
62;Tübingen;8416;Tübingen;8416041;Tübingen, Universitätsstadt;
62;Tübingen;8416;Tübingen;8416048;Ammerbuch;
62;Tübingen;8416;Tübingen;8416049;Neustetten;
63;Balingen;8416;Tübingen;8416018;Hirrlingen;
63;Balingen;8416;Tübingen;8416050;Starzach;
63;Balingen;8417;Zollernalbkreis;8417002;Balingen, Stadt;
63;Balingen;8417;Zollernalbkreis;8417008;Bisingen;
63;Balingen;8417;Zollernalbkreis;8417010;Bitz;
63;Balingen;8417;Zollernalbkreis;8417014;Dautmergen;
63;Balingen;8417;Zollernalbkreis;8417015;Dormettingen;
63;Balingen;8417;Zollernalbkreis;8417016;Dotternhausen;
63;Balingen;8417;Zollernalbkreis;8417022;Geislingen, Stadt;
63;Balingen;8417;Zollernalbkreis;8417023;Grosselfingen;
63;Balingen;8417;Zollernalbkreis;8417025;Haigerloch, Stadt;
63;Balingen;8417;Zollernalbkreis;8417029;Hausen am Tann;
63;Balingen;8417;Zollernalbkreis;8417044;Meßstetten, Stadt;
63;Balingen;8417;Zollernalbkreis;8417045;Nusplingen;
63;Balingen;8417;Zollernalbkreis;8417047;Obernheim;
63;Balingen;8417;Zollernalbkreis;8417051;Rangendingen;
63;Balingen;8417;Zollernalbkreis;8417052;Ratshausen;
63;Balingen;8417;Zollernalbkreis;8417054;Rosenfeld, Stadt;
63;Balingen;8417;Zollernalbkreis;8417057;Schömberg, Stadt;
63;Balingen;8417;Zollernalbkreis;8417063;Straßberg;
63;Balingen;8417;Zollernalbkreis;8417071;Weilen unter den Rinnen;
63;Balingen;8417;Zollernalbkreis;8417075;Winterlingen;
63;Balingen;8417;Zollernalbkreis;8417078;Zimmern unter der Burg;
63;Balingen;8417;Zollernalbkreis;8417079;Albstadt, Stadt;
64;Ulm;8421;Stadtkreis Ulm;8421000;Ulm, Universitätsstadt;
64;Ulm;8425;Alb-Donau-Kreis;8425028;Dietenheim, Stadt;
64;Ulm;8425;Alb-Donau-Kreis;8425039;Erbach, Stadt;
64;Ulm;8425;Alb-Donau-Kreis;8425064;Hüttisheim;
64;Ulm;8425;Alb-Donau-Kreis;8425066;Illerrieden;
64;Ulm;8425;Alb-Donau-Kreis;8425110;Schnürpflingen;
64;Ulm;8425;Alb-Donau-Kreis;8425137;Illerkirchberg;
64;Ulm;8425;Alb-Donau-Kreis;8425138;Staig;
64;Ulm;8425;Alb-Donau-Kreis;8425140;Balzheim;
64;Ulm;8425;Alb-Donau-Kreis;8425141;Blaustein, Stadt;
65;Ehingen;8425;Alb-Donau-Kreis;8425002;Allmendingen;
65;Ehingen;8425;Alb-Donau-Kreis;8425004;Altheim;
65;Ehingen;8425;Alb-Donau-Kreis;8425005;Altheim (Alb);
65;Ehingen;8425;Alb-Donau-Kreis;8425008;Amstetten;
65;Ehingen;8425;Alb-Donau-Kreis;8425011;Asselfingen;
65;Ehingen;8425;Alb-Donau-Kreis;8425013;Ballendorf;
65;Ehingen;8425;Alb-Donau-Kreis;8425014;Beimerstetten;
65;Ehingen;8425;Alb-Donau-Kreis;8425017;Berghülen;
65;Ehingen;8425;Alb-Donau-Kreis;8425019;Bernstadt;
65;Ehingen;8425;Alb-Donau-Kreis;8425020;Blaubeuren, Stadt;
65;Ehingen;8425;Alb-Donau-Kreis;8425022;Börslingen;
65;Ehingen;8425;Alb-Donau-Kreis;8425024;Breitingen;
65;Ehingen;8425;Alb-Donau-Kreis;8425031;Dornstadt;
65;Ehingen;8425;Alb-Donau-Kreis;8425033;Ehingen (Donau), Stadt;
65;Ehingen;8425;Alb-Donau-Kreis;8425035;Emeringen;
65;Ehingen;8425;Alb-Donau-Kreis;8425036;Emerkingen;
65;Ehingen;8425;Alb-Donau-Kreis;8425050;Griesingen;
65;Ehingen;8425;Alb-Donau-Kreis;8425052;Grundsheim;
65;Ehingen;8425;Alb-Donau-Kreis;8425055;Hausen am Bussen;
65;Ehingen;8425;Alb-Donau-Kreis;8425062;Holzkirch;
65;Ehingen;8425;Alb-Donau-Kreis;8425071;Laichingen, Stadt;
65;Ehingen;8425;Alb-Donau-Kreis;8425072;Langenau, Stadt;
65;Ehingen;8425;Alb-Donau-Kreis;8425073;Lauterach;
65;Ehingen;8425;Alb-Donau-Kreis;8425075;Lonsee;
65;Ehingen;8425;Alb-Donau-Kreis;8425079;Merklingen;
65;Ehingen;8425;Alb-Donau-Kreis;8425081;Munderkingen, Stadt;
65;Ehingen;8425;Alb-Donau-Kreis;8425083;Neenstetten;
65;Ehingen;8425;Alb-Donau-Kreis;8425084;Nellingen;
65;Ehingen;8425;Alb-Donau-Kreis;8425085;Nerenstetten;
65;Ehingen;8425;Alb-Donau-Kreis;8425088;Oberdischingen;
65;Ehingen;8425;Alb-Donau-Kreis;8425090;Obermarchtal;
65;Ehingen;8425;Alb-Donau-Kreis;8425091;Oberstadion;
65;Ehingen;8425;Alb-Donau-Kreis;8425092;Öllingen;
65;Ehingen;8425;Alb-Donau-Kreis;8425093;Öpfingen;
65;Ehingen;8425;Alb-Donau-Kreis;8425097;Rammingen;
65;Ehingen;8425;Alb-Donau-Kreis;8425098;Rechtenstein;
65;Ehingen;8425;Alb-Donau-Kreis;8425104;Rottenacker;
65;Ehingen;8425;Alb-Donau-Kreis;8425108;Schelklingen, Stadt;
65;Ehingen;8425;Alb-Donau-Kreis;8425112;Setzingen;
65;Ehingen;8425;Alb-Donau-Kreis;8425123;Untermarchtal;
65;Ehingen;8425;Alb-Donau-Kreis;8425124;Unterstadion;
65;Ehingen;8425;Alb-Donau-Kreis;8425125;Unterwachingen;
65;Ehingen;8425;Alb-Donau-Kreis;8425130;Weidenstetten;
65;Ehingen;8425;Alb-Donau-Kreis;8425134;Westerheim;
65;Ehingen;8425;Alb-Donau-Kreis;8425135;Westerstetten;
65;Ehingen;8425;Alb-Donau-Kreis;8425139;Heroldstatt;
66;Biberach;8426;Biberach;8426001;Achstetten;
66;Biberach;8426;Biberach;8426005;Alleshausen;
66;Biberach;8426;Biberach;8426006;Allmannsweiler;
66;Biberach;8426;Biberach;8426008;Altheim;
66;Biberach;8426;Biberach;8426011;Attenweiler;
66;Biberach;8426;Biberach;8426013;Bad Buchau, Stadt;
66;Biberach;8426;Biberach;8426014;Bad Schussenried, Stadt;
66;Biberach;8426;Biberach;8426020;Betzenweiler;
66;Biberach;8426;Biberach;8426021;Biberach an der Riß, Stadt;
66;Biberach;8426;Biberach;8426028;Burgrieden;
66;Biberach;8426;Biberach;8426035;Dürmentingen;
66;Biberach;8426;Biberach;8426036;Dürnau;
66;Biberach;8426;Biberach;8426038;Eberhardzell;
66;Biberach;8426;Biberach;8426043;Erlenmoos;
66;Biberach;8426;Biberach;8426045;Ertingen;
66;Biberach;8426;Biberach;8426058;Hochdorf;
66;Biberach;8426;Biberach;8426062;Ingoldingen;
66;Biberach;8426;Biberach;8426064;Kanzach;
66;Biberach;8426;Biberach;8426067;Langenenslingen;
66;Biberach;8426;Biberach;8426070;Laupheim, Stadt;
66;Biberach;8426;Biberach;8426071;Maselheim;
66;Biberach;8426;Biberach;8426073;Mietingen;
66;Biberach;8426;Biberach;8426074;Mittelbiberach;
66;Biberach;8426;Biberach;8426078;Moosburg;
66;Biberach;8426;Biberach;8426087;Ochsenhausen, Stadt;
66;Biberach;8426;Biberach;8426090;Oggelshausen;
66;Biberach;8426;Biberach;8426097;Riedlingen, Stadt;
66;Biberach;8426;Biberach;8426108;Schwendi;
66;Biberach;8426;Biberach;8426109;Seekirch;
66;Biberach;8426;Biberach;8426113;Steinhausen an der Rottum;
66;Biberach;8426;Biberach;8426118;Tiefenbach;
66;Biberach;8426;Biberach;8426120;Ummendorf;
66;Biberach;8426;Biberach;8426121;Unlingen;
66;Biberach;8426;Biberach;8426124;Uttenweiler;
66;Biberach;8426;Biberach;8426125;Wain;
66;Biberach;8426;Biberach;8426128;Warthausen;
66;Biberach;8426;Biberach;8426134;Schemmerhofen;
66;Biberach;8426;Biberach;8426135;Gutenzell-Hürbel;
67;Bodensee;8435;Bodenseekreis;8435005;Bermatingen;
67;Bodensee;8435;Bodenseekreis;8435010;Daisendorf;
67;Bodensee;8435;Bodenseekreis;8435013;Eriskirch;
67;Bodensee;8435;Bodenseekreis;8435015;Frickingen;
67;Bodensee;8435;Bodenseekreis;8435016;Friedrichshafen, Stadt;
67;Bodensee;8435;Bodenseekreis;8435018;Hagnau am Bodensee;
67;Bodensee;8435;Bodenseekreis;8435020;Heiligenberg;
67;Bodensee;8435;Bodenseekreis;8435024;Immenstaad am Bodensee;
67;Bodensee;8435;Bodenseekreis;8435029;Kressbronn am Bodensee;
67;Bodensee;8435;Bodenseekreis;8435030;Langenargen;
67;Bodensee;8435;Bodenseekreis;8435034;Markdorf, Stadt;
67;Bodensee;8435;Bodenseekreis;8435036;Meersburg, Stadt;
67;Bodensee;8435;Bodenseekreis;8435045;Oberteuringen;
67;Bodensee;8435;Bodenseekreis;8435047;Owingen;
67;Bodensee;8435;Bodenseekreis;8435052;Salem;
67;Bodensee;8435;Bodenseekreis;8435053;Sipplingen;
67;Bodensee;8435;Bodenseekreis;8435054;Stetten;
67;Bodensee;8435;Bodenseekreis;8435059;Überlingen, Stadt;
67;Bodensee;8435;Bodenseekreis;8435066;Uhldingen-Mühlhofen;
67;Bodensee;8435;Bodenseekreis;8435067;Deggenhausertal;
68;Wangen;8426;Biberach;8426019;Berkheim;
68;Wangen;8426;Biberach;8426031;Dettingen an der Iller;
68;Wangen;8426;Biberach;8426044;Erolzheim;
68;Wangen;8426;Biberach;8426065;Kirchberg an der Iller;
68;Wangen;8426;Biberach;8426066;Kirchdorf an der Iller;
68;Wangen;8426;Biberach;8426100;Rot an der Rot;
68;Wangen;8426;Biberach;8426117;Tannheim;
68;Wangen;8436;Ravensburg;8436001;Achberg;
68;Wangen;8436;Ravensburg;8436003;Aichstetten;
68;Wangen;8436;Ravensburg;8436004;Aitrach;
68;Wangen;8436;Ravensburg;8436006;Amtzell;
68;Wangen;8436;Ravensburg;8436008;Aulendorf, Stadt;
68;Wangen;8436;Ravensburg;8436009;Bad Waldsee, Stadt;
68;Wangen;8436;Ravensburg;8436010;Bad Wurzach, Stadt;
68;Wangen;8436;Ravensburg;8436014;Bergatreute;
68;Wangen;8436;Ravensburg;8436049;Isny im Allgäu, Stadt;
68;Wangen;8436;Ravensburg;8436052;Kißlegg;
68;Wangen;8436;Ravensburg;8436055;Leutkirch im Allgäu, Stadt;
68;Wangen;8436;Ravensburg;8436078;Vogt;
68;Wangen;8436;Ravensburg;8436081;Wangen im Allgäu, Stadt;
68;Wangen;8436;Ravensburg;8436085;Wolfegg;
68;Wangen;8436;Ravensburg;8436094;Argenbühl;
69;Ravensburg;8435;Bodenseekreis;8435035;Meckenbeuren;
69;Ravensburg;8435;Bodenseekreis;8435042;Neukirch;
69;Ravensburg;8435;Bodenseekreis;8435057;Tettnang, Stadt;
69;Ravensburg;8436;Ravensburg;8436005;Altshausen;
69;Ravensburg;8436;Ravensburg;8436011;Baienfurt;
69;Ravensburg;8436;Ravensburg;8436012;Baindt;
69;Ravensburg;8436;Ravensburg;8436013;Berg;
69;Ravensburg;8436;Ravensburg;8436018;Bodnegg;
69;Ravensburg;8436;Ravensburg;8436019;Boms;
69;Ravensburg;8436;Ravensburg;8436024;Ebenweiler;
69;Ravensburg;8436;Ravensburg;8436027;Eichstegen;
69;Ravensburg;8436;Ravensburg;8436032;Fleischwangen;
69;Ravensburg;8436;Ravensburg;8436039;Grünkraut;
69;Ravensburg;8436;Ravensburg;8436040;Guggenhausen;
69;Ravensburg;8436;Ravensburg;8436047;Hoßkirch;
69;Ravensburg;8436;Ravensburg;8436053;Königseggwald;
69;Ravensburg;8436;Ravensburg;8436064;Ravensburg, Stadt;
69;Ravensburg;8436;Ravensburg;8436067;Riedhausen;
69;Ravensburg;8436;Ravensburg;8436069;Schlier;
69;Ravensburg;8436;Ravensburg;8436077;Unterwaldhausen;
69;Ravensburg;8436;Ravensburg;8436079;Waldburg;
69;Ravensburg;8436;Ravensburg;8436082;Weingarten, Stadt;
69;Ravensburg;8436;Ravensburg;8436083;Wilhelmsdorf;
69;Ravensburg;8436;Ravensburg;8436087;Wolpertswende;
69;Ravensburg;8436;Ravensburg;8436093;Ebersbach-Musbach;
69;Ravensburg;8436;Ravensburg;8436095;Horgenzell;
69;Ravensburg;8436;Ravensburg;8436096;Fronreute;
70;Sigmaringen;8437;Sigmaringen;8437005;Beuron;
70;Sigmaringen;8437;Sigmaringen;8437008;Bingen;
70;Sigmaringen;8437;Sigmaringen;8437031;Gammertingen, Stadt;
70;Sigmaringen;8437;Sigmaringen;8437044;Herbertingen;
70;Sigmaringen;8437;Sigmaringen;8437047;Hettingen, Stadt;
70;Sigmaringen;8437;Sigmaringen;8437053;Hohentengen;
70;Sigmaringen;8437;Sigmaringen;8437056;Illmensee;
70;Sigmaringen;8437;Sigmaringen;8437059;Inzigkofen;
70;Sigmaringen;8437;Sigmaringen;8437065;Krauchenwies;
70;Sigmaringen;8437;Sigmaringen;8437072;Leibertingen;
70;Sigmaringen;8437;Sigmaringen;8437076;Mengen, Stadt;
70;Sigmaringen;8437;Sigmaringen;8437078;Meßkirch, Stadt;
70;Sigmaringen;8437;Sigmaringen;8437082;Neufra;
70;Sigmaringen;8437;Sigmaringen;8437086;Ostrach;
70;Sigmaringen;8437;Sigmaringen;8437088;Pfullendorf, Stadt;
70;Sigmaringen;8437;Sigmaringen;8437100;Bad Saulgau, Stadt;
70;Sigmaringen;8437;Sigmaringen;8437101;Scheer, Stadt;
70;Sigmaringen;8437;Sigmaringen;8437102;Schwenningen;
70;Sigmaringen;8437;Sigmaringen;8437104;Sigmaringen, Stadt;
70;Sigmaringen;8437;Sigmaringen;8437105;Sigmaringendorf;
70;Sigmaringen;8437;Sigmaringen;8437107;Stetten am kalten Markt;
70;Sigmaringen;8437;Sigmaringen;8437114;Veringenstadt, Stadt;
70;Sigmaringen;8437;Sigmaringen;8437118;Wald;
70;Sigmaringen;8437;Sigmaringen;8437123;Sauldorf;
70;Sigmaringen;8437;Sigmaringen;8437124;Herdwangen-Schönach;
